method,runtime_endpoint_template,canvas_scope,verification,capability,requirement,call_sites,canvas_documentation
DELETE,/api/v1/calendar_events/{validated},url:DELETE|/api/v1/calendar_events/:id,documented; pilot pending,student; write,required for listed capability; optional outside it,src/canvas_mcp/tools/student_calendar.py:1533 (delete_personal_calendar_event),https://developerdocs.instructure.com/services/canvas/resources/calendar_events
DELETE,/api/v1/courses/{course_id}/assignments/{assignment_id},url:DELETE|/api/v1/courses/:course_id/assignments/:id,documented; pilot pending,educator/shared; write,required for listed capability; optional outside it,src/canvas_mcp/tools/assignments.py:1121 (delete_assignment_with_confirmation),https://developerdocs.instructure.com/services/canvas/resources/assignments
DELETE,/api/v1/courses/{course_id}/discussion_topics/{announcement_id},url:DELETE|/api/v1/courses/:course_id/discussion_topics/:topic_id,documented; pilot pending,educator/shared; write,required for listed capability; optional outside it,src/canvas_mcp/tools/discussions.py:1903 (create_announcement); src/canvas_mcp/tools/discussions.py:2001 (delete_announcement_with_confirmation); src/canvas_mcp/tools/discussions.py:2262 (delete_announcements_by_criteria),https://developerdocs.instructure.com/services/canvas/resources/discussion_topics
DELETE,/api/v1/courses/{course_id}/discussion_topics/{item['id']},url:DELETE|/api/v1/courses/:course_id/discussion_topics/:topic_id,documented; pilot pending,educator/shared; write,required for listed capability; optional outside it,src/canvas_mcp/tools/discussions.py:2104 (bulk_delete_announcements),https://developerdocs.instructure.com/services/canvas/resources/discussion_topics
DELETE,/api/v1/courses/{course_id}/modules/{module_id},url:DELETE|/api/v1/courses/:course_id/modules/:id,documented; pilot pending,educator/shared; write,required for listed capability; optional outside it,src/canvas_mcp/tools/modules.py:451 (delete_module),https://developerdocs.instructure.com/services/canvas/resources/modules
DELETE,/api/v1/courses/{course_id}/modules/{module_id}/items/{item_id},url:DELETE|/api/v1/courses/:course_id/modules/:module_id/items/:id,documented; pilot pending,educator/shared; write,required for listed capability; optional outside it,src/canvas_mcp/tools/modules.py:779 (delete_module_item),https://developerdocs.instructure.com/services/canvas/resources/modules
DELETE,/api/v1/courses/{course_id}/pages/{page_url_or_id},url:DELETE|/api/v1/courses/:course_id/pages/:url_or_id,documented; pilot pending,educator/shared; write,required for listed capability; optional outside it,src/canvas_mcp/tools/pages.py:540 (delete_page),https://developerdocs.instructure.com/services/canvas/resources/pages
DELETE,/api/v1/planner_notes/{validated},url:DELETE|/api/v1/planner_notes/:id,documented; pilot pending,student; write,required for listed capability; optional outside it,src/canvas_mcp/tools/student_calendar.py:1200 (delete_planner_note),https://developerdocs.instructure.com/services/canvas/resources/planner
GET,/api/v1/announcements,url:GET|/api/v1/announcements,documented; pilot pending,student; read,required for listed capability; optional outside it,src/canvas_mcp/tools/student_feed.py:404 (fetch),https://developerdocs.instructure.com/services/canvas/resources/announcements
GET,/api/v1/calendar_events,url:GET|/api/v1/calendar_events,documented; pilot pending,student; read,required for listed capability; optional outside it,src/canvas_mcp/tools/student_calendar.py:626 (_fetch_events),https://developerdocs.instructure.com/services/canvas/resources/calendar_events
GET,/api/v1/calendar_events/{event_id},url:GET|/api/v1/calendar_events/:id,documented; pilot pending,student; read,required for listed capability; optional outside it,src/canvas_mcp/tools/student_calendar.py:667 (_fetch_my_personal_event),https://developerdocs.instructure.com/services/canvas/resources/calendar_events
GET,/api/v1/calendar_events/{validated},url:GET|/api/v1/calendar_events/:id,documented; pilot pending,student; read,required for listed capability; optional outside it,src/canvas_mcp/tools/student_calendar.py:834 (get_calendar_event); src/canvas_mcp/tools/student_calendar.py:1270 (mark_planner_item_complete),https://developerdocs.instructure.com/services/canvas/resources/calendar_events
GET,/api/v1/conversations,url:GET|/api/v1/conversations,documented; pilot pending,educator/shared; read,required for listed capability; optional outside it,src/canvas_mcp/tools/messaging.py:350 (list_conversations),https://developerdocs.instructure.com/services/canvas/resources/conversations
GET,/api/v1/conversations/unread_count,url:GET|/api/v1/conversations/unread_count,documented; pilot pending,educator/shared; read,required for listed capability; optional outside it,src/canvas_mcp/tools/messaging.py:464 (get_unread_count),https://developerdocs.instructure.com/services/canvas/resources/conversations
GET,/api/v1/conversations/{conversation_id},url:GET|/api/v1/conversations/:id,documented; pilot pending,student + educator/shared; read,required for listed capability; optional outside it,src/canvas_mcp/tools/student_messaging.py:448 (_load_reply_target); src/canvas_mcp/tools/messaging.py:433 (get_conversation_details),https://developerdocs.instructure.com/services/canvas/resources/conversations
GET,/api/v1/courses,url:GET|/api/v1/courses,documented; pilot pending,student + educator/shared; read,baseline identity/course lookup dependency,src/canvas_mcp/tools/student_tools.py:243 (get_my_submission_status); src/canvas_mcp/tools/student_tools.py:346 (get_my_course_grades); src/canvas_mcp/tools/student_tools.py:509 (get_my_peer_reviews_todo); src/canvas_mcp/tools/student_calendar.py:747 (list_calendar_events); src/canvas_mcp/tools/self_identity.py:83 (get_my_enrollments); src/canvas_mcp/tools/courses.py:256 (list_courses); src/canvas_mcp/tools/student_feed.py:339 (_fetch_active_courses); src/canvas_mcp/core/cache.py:44 (refresh_course_cache); src/canvas_mcp/core/cache.py:160 (get_course_id); src/canvas_mcp/core/cache.py:388 (resolve_numeric_course_id),https://developerdocs.instructure.com/services/canvas/resources/courses
GET,/api/v1/courses/{course_identifier}/assignments/{assignment_id},url:GET|/api/v1/courses/:course_id/assignments/:id,documented; pilot pending,educator/shared; read,required for listed capability; optional outside it,src/canvas_mcp/tools/messaging.py:272 (_compose_reminder),https://developerdocs.instructure.com/services/canvas/resources/assignments
GET,/api/v1/courses/{course_id},url:GET|/api/v1/courses/:id,documented; pilot pending,student + educator/shared; read,baseline identity/course lookup dependency,src/canvas_mcp/resources/resources.py:25 (get_course_syllabus); src/canvas_mcp/resources/resources.py:75 (summarize_course); src/canvas_mcp/tools/admin_tools.py:191 (get_student_analytics); src/canvas_mcp/tools/courses.py:302 (get_course_details); src/canvas_mcp/tools/courses.py:371 (get_syllabus); src/canvas_mcp/tools/courses.py:436 (get_course_content_overview); src/canvas_mcp/tools/courses.py:556 (get_course_content_overview); src/canvas_mcp/tools/courses.py:996 (update_syllabus); src/canvas_mcp/tools/courses.py:1119 (update_syllabus); src/canvas_mcp/tools/discussions.py:1840 (create_announcement); src/canvas_mcp/tools/student_grades.py:148 (_load_course); src/canvas_mcp/core/course_policy.py:211 (_read_policy_text); src/canvas_mcp/core/cache.py:210 (get_course_code); src/canvas_mcp/core/cache.py:229 (get_course_code),https://developerdocs.instructure.com/services/canvas/resources/courses
GET,/api/v1/courses/{course_id}/analytics/student_summaries,url:GET|/api/v1/courses/:course_id/analytics/student_summaries,documented; pilot pending,educator/shared; read,required for listed capability; optional outside it,src/canvas_mcp/tools/admin_tools.py:197 (get_student_analytics),https://developerdocs.instructure.com/services/canvas/resources/analytics
GET,/api/v1/courses/{course_id}/assignment_groups,url:GET|/api/v1/courses/:course_id/assignment_groups,documented; pilot pending,student; read,required for listed capability; optional outside it,src/canvas_mcp/tools/student_grades.py:160 (_load_course),https://developerdocs.instructure.com/services/canvas/resources/assignment_groups
GET,/api/v1/courses/{course_id}/assignments,url:GET|/api/v1/courses/:course_id/assignments,documented; pilot pending,student + educator/shared; read,required for listed capability; optional outside it,src/canvas_mcp/resources/resources.py:81 (summarize_course); src/canvas_mcp/tools/student_quizzes.py:621 (list_quizzes); src/canvas_mcp/tools/student_tools.py:230 (get_my_submission_status); src/canvas_mcp/tools/student_tools.py:258 (get_my_submission_status); src/canvas_mcp/tools/student_tools.py:527 (get_my_peer_reviews_todo); src/canvas_mcp/tools/assignments.py:64 (list_assignments); src/canvas_mcp/tools/accessibility.py:262 (scan_course_content_accessibility); src/canvas_mcp/tools/accessibility.py:352 (fix_accessibility_issues),https://developerdocs.instructure.com/services/canvas/resources/assignments
GET,/api/v1/courses/{course_id}/assignments/{assignment_id_str},url:GET|/api/v1/courses/:course_id/assignments/:id,documented; pilot pending,educator/shared; read,required for listed capability; optional outside it,src/canvas_mcp/resources/resources.py:52 (get_assignment_description); src/canvas_mcp/tools/rubrics.py:1011 (get_rubric); src/canvas_mcp/tools/rubrics.py:1120 (get_rubric_assessment); src/canvas_mcp/tools/rubrics.py:1133 (get_rubric_assessment); src/canvas_mcp/tools/rubrics.py:1241 (grade_with_rubric); src/canvas_mcp/tools/rubrics.py:1283 (grade_with_rubric); src/canvas_mcp/tools/rubrics.py:1895 (associate_rubric); src/canvas_mcp/tools/assignments.py:121 (get_assignment_details); src/canvas_mcp/tools/assignments.py:127 (get_assignment_details); src/canvas_mcp/tools/assignments.py:429 (get_assignment_analytics); src/canvas_mcp/tools/assignments.py:1177 (bulk_grade_submissions),https://developerdocs.instructure.com/services/canvas/resources/assignments
GET,/api/v1/courses/{course_id}/assignments/{assignment_id_str}/submissions,url:GET|/api/v1/courses/:course_id/assignments/:assignment_id/submissions,documented; pilot pending,educator/shared; read,required for listed capability; optional outside it,src/canvas_mcp/tools/assignments.py:386 (list_submissions),https://developerdocs.instructure.com/services/canvas/resources/submissions
GET,/api/v1/courses/{course_id}/assignments/{assignment_id_str}/submissions/{user_id_str},url:GET|/api/v1/courses/:course_id/assignments/:assignment_id/submissions/:user_id,documented; pilot pending,educator/shared; read,required for listed capability; optional outside it,src/canvas_mcp/tools/rubrics.py:1103 (get_rubric_assessment),https://developerdocs.instructure.com/services/canvas/resources/submissions
GET,/api/v1/courses/{course_id}/assignments/{assignment_identifier},url:GET|/api/v1/courses/:course_id/assignments/:id,documented; pilot pending,student; read,required for listed capability; optional outside it,src/canvas_mcp/tools/student_tools.py:466 (get_my_peer_reviews_todo),https://developerdocs.instructure.com/services/canvas/resources/assignments
GET,/api/v1/courses/{course_id}/assignments/{assignment_identifier}/peer_reviews,url:GET|/api/v1/courses/:course_id/assignments/:assignment_id/peer_reviews,documented; pilot pending,student; read,required for listed capability; optional outside it,src/canvas_mcp/tools/student_tools.py:473 (get_my_peer_reviews_todo),https://developerdocs.instructure.com/services/canvas/resources/peer_reviews
GET,/api/v1/courses/{course_id}/assignments/{assignment_id},url:GET|/api/v1/courses/:course_id/assignments/:id,documented; pilot pending,student + educator/shared; read,required for listed capability; optional outside it,src/canvas_mcp/tools/student_write.py:461 (_final_preflight); src/canvas_mcp/tools/student_write.py:719 (submit_assignment); src/canvas_mcp/tools/assignments.py:983 (fetch_assignment); src/canvas_mcp/tools/assignments.py:995 (refetch_assignment); src/canvas_mcp/tools/assignments.py:1078 (delete_assignment_with_confirmation); src/canvas_mcp/tools/peer_review_comments.py:364 (generate_peer_review_feedback_report); src/canvas_mcp/core/peer_reviews.py:33 (get_assignments); src/canvas_mcp/core/peer_review_comments.py:65 (get_peer_review_comments),https://developerdocs.instructure.com/services/canvas/resources/assignments
GET,/api/v1/courses/{course_id}/assignments/{assignment_id}/peer_reviews,url:GET|/api/v1/courses/:course_id/assignments/:assignment_id/peer_reviews,documented; pilot pending,student; read,required for listed capability; optional outside it,src/canvas_mcp/tools/student_tools.py:542 (get_my_peer_reviews_todo); src/canvas_mcp/core/peer_reviews.py:42 (get_assignments); src/canvas_mcp/core/peer_review_comments.py:74 (get_peer_review_comments),https://developerdocs.instructure.com/services/canvas/resources/peer_reviews
GET,/api/v1/courses/{course_id}/assignments/{assignment_id}/submissions,url:GET|/api/v1/courses/:course_id/assignments/:assignment_id/submissions,documented; pilot pending,educator/shared; read,required for listed capability; optional outside it,src/canvas_mcp/tools/assignments.py:243 (list_peer_reviews); src/canvas_mcp/tools/assignments.py:456 (get_assignment_analytics); src/canvas_mcp/core/peer_review_comments.py:98 (get_peer_review_comments),https://developerdocs.instructure.com/services/canvas/resources/submissions
GET,/api/v1/courses/{course_id}/assignments/{assignment_id}/submissions/self,url:GET|/api/v1/courses/:course_id/assignments/:assignment_id/submissions/:user_id,documented; pilot pending,student; read,required for listed capability; optional outside it,src/canvas_mcp/tools/student_write.py:464 (_final_preflight); src/canvas_mcp/tools/student_write.py:604 (get_my_submission); src/canvas_mcp/tools/student_write.py:741 (submit_assignment),https://developerdocs.instructure.com/services/canvas/resources/submissions
GET,/api/v1/courses/{course_id}/assignments/{assignment_id}/submissions/{reviewee},url:GET|/api/v1/courses/:course_id/assignments/:assignment_id/submissions/:user_id,documented; pilot pending,educator/shared; read,required for listed capability; optional outside it,src/canvas_mcp/tools/assignments.py:186 (assign_peer_review),https://developerdocs.instructure.com/services/canvas/resources/submissions
GET,/api/v1/courses/{course_id}/assignments/{assignment_id}/submissions/{submission_id}/peer_reviews,url:GET|/api/v1/courses/:course_id/assignments/:assignment_id/submissions/:submission_id/peer_reviews,documented; pilot pending,educator/shared; read,required for listed capability; optional outside it,src/canvas_mcp/tools/assignments.py:287 (list_peer_reviews),https://developerdocs.instructure.com/services/canvas/resources/peer_reviews
GET,/api/v1/courses/{course_id}/assignments/{checked_id},url:GET|/api/v1/courses/:course_id/assignments/:id,documented; pilot pending,student; read,required for listed capability; optional outside it,src/canvas_mcp/tools/student_quizzes.py:760 (get_quiz_details),https://developerdocs.instructure.com/services/canvas/resources/assignments
GET,/api/v1/courses/{course_id}/assignments/{validated},url:GET|/api/v1/courses/:course_id/assignments/:id,documented; pilot pending,student; read,required for listed capability; optional outside it,src/canvas_mcp/tools/student_calendar.py:1288 (mark_planner_item_complete),https://developerdocs.instructure.com/services/canvas/resources/assignments
GET,/api/v1/courses/{course_id}/content_migrations/{canonical_migration_id},url:GET|/api/v1/courses/:course_id/content_migrations/:id,documented; pilot pending,educator/shared; read,required for listed capability; optional outside it,src/canvas_mcp/tools/content_migrations.py:429 (get_content_migration_status),https://developerdocs.instructure.com/services/canvas/resources/content_migrations
GET,/api/v1/courses/{course_id}/content_migrations/{migration_id}/migration_issues,url:GET|/api/v1/courses/:course_id/content_migrations/:content_migration_id/migration_issues,documented; pilot pending,educator/shared; read,required for listed capability; optional outside it,src/canvas_mcp/tools/content_migrations.py:498 (get_content_migration_status),https://developerdocs.instructure.com/services/canvas/resources/content_migrations
GET,/api/v1/courses/{course_id}/discussion_topics,url:GET|/api/v1/courses/:course_id/discussion_topics,documented; pilot pending,educator/shared; read,required for listed capability; optional outside it,src/canvas_mcp/tools/discussions.py:164 (_find_listed_topic); src/canvas_mcp/tools/discussions.py:488 (list_discussion_topics); src/canvas_mcp/tools/discussions.py:496 (list_discussion_topics); src/canvas_mcp/tools/discussions.py:667 (list_announcements); src/canvas_mcp/tools/discussions.py:2168 (delete_announcements_by_criteria),https://developerdocs.instructure.com/services/canvas/resources/discussion_topics
GET,/api/v1/courses/{course_id}/discussion_topics/{announcement_id},url:GET|/api/v1/courses/:course_id/discussion_topics/:topic_id,documented; pilot pending,educator/shared; read,required for listed capability; optional outside it,src/canvas_mcp/tools/discussions.py:1966 (delete_announcement_with_confirmation); src/canvas_mcp/tools/discussions.py:2048 (bulk_delete_announcements),https://developerdocs.instructure.com/services/canvas/resources/discussion_topics
GET,/api/v1/courses/{course_id}/discussion_topics/{topic_id},url:GET|/api/v1/courses/:course_id/discussion_topics/:topic_id,documented; pilot pending,educator/shared; read,required for listed capability; optional outside it,src/canvas_mcp/tools/discussions.py:720 (get_discussion_topic_details); src/canvas_mcp/tools/discussions.py:911 (list_discussion_entries); src/canvas_mcp/tools/discussions.py:1209 (get_discussion_entry_details); src/canvas_mcp/tools/discussions.py:1326 (get_discussion_with_replies); src/canvas_mcp/tools/discussions.py:1461 (post_discussion_entry); src/canvas_mcp/tools/discussions.py:1724 (update_discussion_topic); src/canvas_mcp/tools/discussions.py:1755 (refetch_topic),https://developerdocs.instructure.com/services/canvas/resources/discussion_topics
GET,/api/v1/courses/{course_id}/discussion_topics/{topic_id}/entries,url:GET|/api/v1/courses/:course_id/discussion_topics/:topic_id/entries,documented; pilot pending,educator/shared; read,required for listed capability; optional outside it,src/canvas_mcp/tools/discussions.py:839 (list_discussion_entries); src/canvas_mcp/tools/discussions.py:1148 (get_discussion_entry_details); src/canvas_mcp/tools/discussions.py:1306 (get_discussion_with_replies),https://developerdocs.instructure.com/services/canvas/resources/discussion_topics
GET,/api/v1/courses/{course_id}/discussion_topics/{topic_id}/entries/{entry_id}/replies,url:GET|/api/v1/courses/:course_id/discussion_topics/:topic_id/entries/:entry_id/replies,documented; pilot pending,educator/shared; read,required for listed capability; optional outside it,src/canvas_mcp/tools/discussions.py:974 (list_discussion_entries); src/canvas_mcp/tools/discussions.py:1192 (get_discussion_entry_details); src/canvas_mcp/tools/discussions.py:1370 (get_discussion_with_replies),https://developerdocs.instructure.com/services/canvas/resources/discussion_topics
GET,/api/v1/courses/{course_id}/discussion_topics/{topic_id}/entry_list,url:GET|/api/v1/courses/:course_id/discussion_topics/:topic_id/entry_list,documented; pilot pending,educator/shared; read,required for listed capability; optional outside it,src/canvas_mcp/tools/discussions.py:893 (list_discussion_entries); src/canvas_mcp/tools/discussions.py:1128 (get_discussion_entry_details),https://developerdocs.instructure.com/services/canvas/resources/discussion_topics
GET,/api/v1/courses/{course_id}/discussion_topics/{topic_id}/view,url:GET|/api/v1/courses/:course_id/discussion_topics/:topic_id/view,documented; pilot pending,educator/shared; read,required for listed capability; optional outside it,src/canvas_mcp/tools/discussions.py:869 (list_discussion_entries); src/canvas_mcp/tools/discussions.py:1104 (get_discussion_entry_details),https://developerdocs.instructure.com/services/canvas/resources/discussion_topics
GET,/api/v1/courses/{course_id}/discussion_topics/{validated},url:GET|/api/v1/courses/:course_id/discussion_topics/:topic_id,documented; pilot pending,student; read,required for listed capability; optional outside it,src/canvas_mcp/tools/student_calendar.py:1288 (mark_planner_item_complete),https://developerdocs.instructure.com/services/canvas/resources/discussion_topics
GET,/api/v1/courses/{course_id}/enrollments,url:GET|/api/v1/courses/:course_id/enrollments,documented; pilot pending,educator/shared; read,required for listed capability; optional outside it,src/canvas_mcp/core/enrollment.py:321 (_fetch_enrollments_raw),https://developerdocs.instructure.com/services/canvas/resources/enrollments
GET,/api/v1/courses/{course_id}/files,url:GET|/api/v1/courses/:course_id/files,documented; pilot pending,educator/shared; read,required for listed capability; optional outside it,src/canvas_mcp/tools/files.py:302 (list_course_files),https://developerdocs.instructure.com/services/canvas/resources/files
GET,/api/v1/courses/{course_id}/files/{file_id},url:GET|/api/v1/courses/:course_id/files/:id,documented; pilot pending,educator/shared; read,required for listed capability; optional outside it,src/canvas_mcp/tools/files.py:86 (download_course_file); src/canvas_mcp/tools/files.py:210 (read_course_file),https://developerdocs.instructure.com/services/canvas/resources/files
GET,/api/v1/courses/{course_id}/front_page,url:GET|/api/v1/courses/:course_id/front_page,documented; pilot pending,educator/shared; read,required for listed capability; optional outside it,src/canvas_mcp/tools/courses.py:817 (get_front_page),https://developerdocs.instructure.com/services/canvas/resources/pages
GET,/api/v1/courses/{course_id}/grading_standards/{safe_id},url:GET|/api/v1/courses/:course_id/grading_standards/:grading_standard_id,documented; pilot pending,student; read,required for listed capability; optional outside it,src/canvas_mcp/tools/student_grades.py:285 (_resolve_letter_scheme),https://developerdocs.instructure.com/services/canvas/resources/grading_standards
GET,/api/v1/courses/{course_id}/groups,url:GET|/api/v1/courses/:course_id/groups,documented; pilot pending,educator/shared; read,required for listed capability; optional outside it,src/canvas_mcp/tools/admin_tools.py:67 (list_groups); src/canvas_mcp/tools/discussions.py:579 (list_group_discussion_topics),https://developerdocs.instructure.com/services/canvas/resources/groups
GET,/api/v1/courses/{course_id}/modules,url:GET|/api/v1/courses/:course_id/modules,documented; pilot pending,educator/shared; read,required for listed capability; optional outside it,src/canvas_mcp/resources/resources.py:97 (summarize_course); src/canvas_mcp/tools/modules.py:57 (list_modules); src/canvas_mcp/tools/modules.py:129 (get_course_structure); src/canvas_mcp/tools/courses.py:482 (get_course_content_overview),https://developerdocs.instructure.com/services/canvas/resources/modules
GET,/api/v1/courses/{course_id}/modules/{module_id},url:GET|/api/v1/courses/:course_id/modules/:id,documented; pilot pending,educator/shared; read,required for listed capability; optional outside it,src/canvas_mcp/tools/modules.py:427 (delete_module); src/canvas_mcp/tools/courses.py:868 (list_module_items),https://developerdocs.instructure.com/services/canvas/resources/modules
GET,/api/v1/courses/{course_id}/modules/{module_id}/items,url:GET|/api/v1/courses/:course_id/modules/:module_id/items,documented; pilot pending,educator/shared; read,required for listed capability; optional outside it,src/canvas_mcp/tools/courses.py:502 (get_course_content_overview); src/canvas_mcp/tools/courses.py:857 (list_module_items),https://developerdocs.instructure.com/services/canvas/resources/modules
GET,/api/v1/courses/{course_id}/modules/{module_id}/items/{item_id},url:GET|/api/v1/courses/:course_id/modules/:module_id/items/:id,documented; pilot pending,student + educator/shared; read,required for listed capability; optional outside it,src/canvas_mcp/tools/modules.py:752 (delete_module_item); src/canvas_mcp/tools/student_write.py:996 (mark_module_item_done); src/canvas_mcp/tools/student_write.py:1026 (mark_module_item_done),https://developerdocs.instructure.com/services/canvas/resources/modules
GET,/api/v1/courses/{course_id}/pages,url:GET|/api/v1/courses/:course_id/pages,documented; pilot pending,educator/shared; read,required for listed capability; optional outside it,src/canvas_mcp/tools/courses.py:443 (get_course_content_overview); src/canvas_mcp/tools/courses.py:633 (list_pages); src/canvas_mcp/tools/accessibility.py:57 (fetch_ufixit_report); src/canvas_mcp/tools/accessibility.py:246 (scan_course_content_accessibility); src/canvas_mcp/tools/accessibility.py:329 (fix_accessibility_issues),https://developerdocs.instructure.com/services/canvas/resources/pages
GET,/api/v1/courses/{course_id}/pages/{page_url_or_id},url:GET|/api/v1/courses/:course_id/pages/:url_or_id,documented; pilot pending,educator/shared; read,required for listed capability; optional outside it,src/canvas_mcp/tools/courses.py:680 (get_page_content); src/canvas_mcp/tools/courses.py:728 (get_page_details); src/canvas_mcp/tools/pages.py:69 (fetch); src/canvas_mcp/tools/pages.py:508 (delete_page),https://developerdocs.instructure.com/services/canvas/resources/pages
GET,/api/v1/courses/{course_id}/pages/{page_url},url:GET|/api/v1/courses/:course_id/pages/:url_or_id,documented; pilot pending,educator/shared; read,required for listed capability; optional outside it,src/canvas_mcp/tools/accessibility.py:79 (fetch_ufixit_report),https://developerdocs.instructure.com/services/canvas/resources/pages
GET,/api/v1/courses/{course_id}/pages/{slug or page_url_or_id},url:GET|/api/v1/courses/:course_id/pages/:url_or_id,documented; pilot pending,educator/shared; read,required for listed capability; optional outside it,src/canvas_mcp/tools/pages.py:82 (refetch),https://developerdocs.instructure.com/services/canvas/resources/pages
GET,/api/v1/courses/{course_id}/pages/{slug},url:GET|/api/v1/courses/:course_id/pages/:url_or_id,documented; pilot pending,educator/shared; read,required for listed capability; optional outside it,src/canvas_mcp/tools/accessibility.py:337 (fix_accessibility_issues),https://developerdocs.instructure.com/services/canvas/resources/pages
GET,/api/v1/courses/{course_id}/pages/{validated},url:GET|/api/v1/courses/:course_id/pages/:url_or_id,documented; pilot pending,student; read,required for listed capability; optional outside it,src/canvas_mcp/tools/student_calendar.py:1288 (mark_planner_item_complete),https://developerdocs.instructure.com/services/canvas/resources/pages
GET,/api/v1/courses/{course_id}/permissions,url:GET|/api/v1/courses/:course_id/permissions,documented; pilot pending,student + educator/shared; read,required for listed capability; optional outside it,src/canvas_mcp/tools/student_quizzes.py:880 (get_quiz_details); src/canvas_mcp/tools/messaging.py:684 (send_peer_review_inbox_messages); src/canvas_mcp/tools/discussions.py:85 (_has_staff_group_access),https://developerdocs.instructure.com/services/canvas/resources/courses
GET,/api/v1/courses/{course_id}/quizzes,url:GET|/api/v1/courses/:course_id/quizzes,documented; pilot pending,student; read,required for listed capability; optional outside it,src/canvas_mcp/tools/student_quizzes.py:618 (list_quizzes),https://developerdocs.instructure.com/services/canvas/resources/quizzes
GET,/api/v1/courses/{course_id}/quizzes/{checked_id},url:GET|/api/v1/courses/:course_id/quizzes/:id,documented; pilot pending,student; read,required for listed capability; optional outside it,src/canvas_mcp/tools/student_quizzes.py:803 (get_quiz_details),https://developerdocs.instructure.com/services/canvas/resources/quizzes
GET,/api/v1/courses/{course_id}/quizzes/{checked_id}/submission,url:GET|/api/v1/courses/:course_id/quizzes/:quiz_id/submission,documented; pilot pending,student; read,required for listed capability; optional outside it,src/canvas_mcp/tools/student_quizzes.py:910 (get_quiz_details),https://developerdocs.instructure.com/services/canvas/resources/quiz_submissions
GET,/api/v1/courses/{course_id}/quizzes/{validated},url:GET|/api/v1/courses/:course_id/quizzes/:id,documented; pilot pending,student; read,required for listed capability; optional outside it,src/canvas_mcp/tools/student_calendar.py:1288 (mark_planner_item_complete),https://developerdocs.instructure.com/services/canvas/resources/quizzes
GET,/api/v1/courses/{course_id}/rubrics,url:GET|/api/v1/courses/:course_id/rubrics,documented; pilot pending,educator/shared; read,required for listed capability; optional outside it,src/canvas_mcp/tools/rubrics.py:1332 (list_rubrics),https://developerdocs.instructure.com/services/canvas/resources/rubrics
GET,/api/v1/courses/{course_id}/rubrics/upload/{import_id},url:GET|/api/v1/courses/:course_id/rubrics/upload/:id,documented; pilot pending,educator/shared; read,required for listed capability; optional outside it,src/canvas_mcp/tools/rubrics.py:1488 (create_rubric_from_csv),https://developerdocs.instructure.com/services/canvas/resources/rubrics
GET,/api/v1/courses/{course_id}/rubrics/{rubric_id_str},url:GET|/api/v1/courses/:course_id/rubrics/:id,documented; pilot pending,educator/shared; read,required for listed capability; optional outside it,src/canvas_mcp/tools/rubrics.py:922 (get_rubric); src/canvas_mcp/tools/rubrics.py:1708 (update_rubric); src/canvas_mcp/tools/rubrics.py:1804 (update_rubric),https://developerdocs.instructure.com/services/canvas/resources/rubrics
GET,/api/v1/courses/{course_id}/users,url:GET|/api/v1/courses/:course_id/users,documented; pilot pending,educator/shared; read,required for listed capability; optional outside it,src/canvas_mcp/tools/admin_tools.py:137 (list_users); src/canvas_mcp/tools/admin_tools.py:205 (get_student_analytics); src/canvas_mcp/tools/admin_tools.py:332 (create_student_anonymization_map); src/canvas_mcp/tools/assignments.py:258 (list_peer_reviews); src/canvas_mcp/tools/assignments.py:442 (get_assignment_analytics); src/canvas_mcp/core/peer_reviews.py:55 (get_assignments); src/canvas_mcp/core/peer_reviews.py:131 (get_completion_analytics); src/canvas_mcp/core/peer_review_comments.py:88 (get_peer_review_comments),https://developerdocs.instructure.com/services/canvas/resources/courses
GET,/api/v1/courses/{raw},url:GET|/api/v1/courses/:id,documented; pilot pending,educator/shared; read,required for listed capability; optional outside it,src/canvas_mcp/core/cache.py:404 (resolve_numeric_course_id),https://developerdocs.instructure.com/services/canvas/resources/courses
GET,/api/v1/courses/{resolved},url:GET|/api/v1/courses/:id,documented; pilot pending,educator/shared; read,required for listed capability; optional outside it,src/canvas_mcp/tools/content_migrations.py:42 (_resolve_course),https://developerdocs.instructure.com/services/canvas/resources/courses
GET,/api/v1/courses/{target_course_id}/assignments,url:GET|/api/v1/courses/:course_id/assignments,documented; pilot pending,educator/shared; read,required for listed capability; optional outside it,src/canvas_mcp/tools/content_migrations.py:121 (_target_occupancy),https://developerdocs.instructure.com/services/canvas/resources/assignments
GET,/api/v1/courses/{target_course_id}/discussion_topics,url:GET|/api/v1/courses/:course_id/discussion_topics,documented; pilot pending,educator/shared; read,required for listed capability; optional outside it,src/canvas_mcp/tools/content_migrations.py:121 (_target_occupancy),https://developerdocs.instructure.com/services/canvas/resources/discussion_topics
GET,/api/v1/courses/{target_course_id}/files,url:GET|/api/v1/courses/:course_id/files,documented; pilot pending,educator/shared; read,required for listed capability; optional outside it,src/canvas_mcp/tools/content_migrations.py:121 (_target_occupancy),https://developerdocs.instructure.com/services/canvas/resources/files
GET,/api/v1/courses/{target_course_id}/modules,url:GET|/api/v1/courses/:course_id/modules,documented; pilot pending,educator/shared; read,required for listed capability; optional outside it,src/canvas_mcp/tools/content_migrations.py:121 (_target_occupancy),https://developerdocs.instructure.com/services/canvas/resources/modules
GET,/api/v1/courses/{target_course_id}/pages,url:GET|/api/v1/courses/:course_id/pages,documented; pilot pending,educator/shared; read,required for listed capability; optional outside it,src/canvas_mcp/tools/content_migrations.py:121 (_target_occupancy),https://developerdocs.instructure.com/services/canvas/resources/pages
GET,/api/v1/groups/{g.get('id')}/discussion_topics,url:GET|/api/v1/groups/:group_id/discussion_topics,documented; pilot pending,educator/shared; read,required for listed capability; optional outside it,src/canvas_mcp/tools/discussions.py:598 (list_group_discussion_topics),https://developerdocs.instructure.com/services/canvas/resources/discussion_topics
GET,/api/v1/groups/{group_id},url:GET|/api/v1/groups/:group_id,documented; pilot pending,student + educator/shared; read,required for listed capability; optional outside it,src/canvas_mcp/tools/student_calendar.py:401 (_calendar_event_courses); src/canvas_mcp/tools/discussions.py:132 (_discussion_prefix),https://developerdocs.instructure.com/services/canvas/resources/groups
GET,/api/v1/groups/{group_id}/discussion_topics,url:GET|/api/v1/groups/:group_id/discussion_topics,documented; pilot pending,educator/shared; read,required for listed capability; optional outside it,src/canvas_mcp/tools/discussions.py:164 (_find_listed_topic); src/canvas_mcp/tools/discussions.py:488 (list_discussion_topics); src/canvas_mcp/tools/discussions.py:496 (list_discussion_topics),https://developerdocs.instructure.com/services/canvas/resources/discussion_topics
GET,/api/v1/groups/{group_id}/discussion_topics/{topic_id},url:GET|/api/v1/groups/:group_id/discussion_topics/:topic_id,documented; pilot pending,educator/shared; read,required for listed capability; optional outside it,src/canvas_mcp/tools/discussions.py:720 (get_discussion_topic_details); src/canvas_mcp/tools/discussions.py:911 (list_discussion_entries); src/canvas_mcp/tools/discussions.py:1209 (get_discussion_entry_details); src/canvas_mcp/tools/discussions.py:1326 (get_discussion_with_replies),https://developerdocs.instructure.com/services/canvas/resources/discussion_topics
GET,/api/v1/groups/{group_id}/discussion_topics/{topic_id}/entries,url:GET|/api/v1/groups/:group_id/discussion_topics/:topic_id/entries,documented; pilot pending,educator/shared; read,required for listed capability; optional outside it,src/canvas_mcp/tools/discussions.py:839 (list_discussion_entries); src/canvas_mcp/tools/discussions.py:1148 (get_discussion_entry_details); src/canvas_mcp/tools/discussions.py:1306 (get_discussion_with_replies),https://developerdocs.instructure.com/services/canvas/resources/discussion_topics
GET,/api/v1/groups/{group_id}/discussion_topics/{topic_id}/entries/{entry_id}/replies,url:GET|/api/v1/groups/:group_id/discussion_topics/:topic_id/entries/:entry_id/replies,documented; pilot pending,educator/shared; read,required for listed capability; optional outside it,src/canvas_mcp/tools/discussions.py:974 (list_discussion_entries); src/canvas_mcp/tools/discussions.py:1192 (get_discussion_entry_details); src/canvas_mcp/tools/discussions.py:1370 (get_discussion_with_replies),https://developerdocs.instructure.com/services/canvas/resources/discussion_topics
GET,/api/v1/groups/{group_id}/discussion_topics/{topic_id}/entry_list,url:GET|/api/v1/groups/:group_id/discussion_topics/:topic_id/entry_list,documented; pilot pending,educator/shared; read,required for listed capability; optional outside it,src/canvas_mcp/tools/discussions.py:893 (list_discussion_entries); src/canvas_mcp/tools/discussions.py:1128 (get_discussion_entry_details),https://developerdocs.instructure.com/services/canvas/resources/discussion_topics
GET,/api/v1/groups/{group_id}/discussion_topics/{topic_id}/view,url:GET|/api/v1/groups/:group_id/discussion_topics/:topic_id/view,documented; pilot pending,educator/shared; read,required for listed capability; optional outside it,src/canvas_mcp/tools/discussions.py:869 (list_discussion_entries); src/canvas_mcp/tools/discussions.py:1104 (get_discussion_entry_details),https://developerdocs.instructure.com/services/canvas/resources/discussion_topics
GET,/api/v1/groups/{group_id}/files,url:GET|/api/v1/groups/:group_id/files,documented; pilot pending,student; read,required for listed capability; optional outside it,src/canvas_mcp/tools/student_groups.py:386 (list_group_files),https://developerdocs.instructure.com/services/canvas/resources/files
GET,/api/v1/groups/{group_id}/users,url:GET|/api/v1/groups/:group_id/users,documented; pilot pending,student + educator/shared; read,required for listed capability; optional outside it,src/canvas_mcp/tools/admin_tools.py:95 (list_groups); src/canvas_mcp/tools/student_groups.py:323 (get_group_members),https://developerdocs.instructure.com/services/canvas/resources/groups
GET,/api/v1/planner/items,url:GET|/api/v1/planner/items,documented; pilot pending,student; read,required for listed capability; optional outside it,src/canvas_mcp/tools/student_tools.py:93 (_fetch_planner_peer_reviews); src/canvas_mcp/tools/student_tools.py:149 (get_my_upcoming_assignments),https://developerdocs.instructure.com/services/canvas/resources/planner
GET,/api/v1/planner/overrides,url:GET|/api/v1/planner/overrides,documented; pilot pending,student; read,required for listed capability; optional outside it,src/canvas_mcp/tools/student_calendar.py:1320 (mark_planner_item_complete),https://developerdocs.instructure.com/services/canvas/resources/planner
GET,/api/v1/planner_notes,url:GET|/api/v1/planner_notes,documented; pilot pending,student; read,required for listed capability; optional outside it,src/canvas_mcp/tools/student_calendar.py:892 (list_planner_notes),https://developerdocs.instructure.com/services/canvas/resources/planner
GET,/api/v1/planner_notes/{note_id},url:GET|/api/v1/planner_notes/:id,documented; pilot pending,student; read,required for listed capability; optional outside it,src/canvas_mcp/tools/student_calendar.py:651 (_fetch_my_note),https://developerdocs.instructure.com/services/canvas/resources/planner
GET,/api/v1/progress/{progress_id},url:GET|/api/v1/progress/:id,documented; pilot pending,educator/shared; read,required for listed capability; optional outside it,src/canvas_mcp/tools/content_migrations.py:449 (get_content_migration_status),https://developerdocs.instructure.com/services/canvas/resources/progress
GET,/api/v1/search/recipients,url:GET|/api/v1/search/recipients,documented; pilot pending,student; read,required for listed capability; optional outside it,src/canvas_mcp/tools/student_messaging.py:249 (_resolve_recipient); src/canvas_mcp/tools/student_messaging.py:591 (find_message_recipients),https://developerdocs.instructure.com/services/canvas/resources/search
GET,/api/v1/users/self,url:GET|/api/v1/users/:id,documented; pilot pending,student; read,baseline identity/course lookup dependency,src/canvas_mcp/server.py:512 (_validate_token); src/canvas_mcp/tools/student_quizzes.py:900 (get_quiz_details); src/canvas_mcp/tools/student_tools.py:452 (get_my_peer_reviews_todo); src/canvas_mcp/tools/student_messaging.py:437 (_load_reply_target); src/canvas_mcp/tools/student_calendar.py:288 (_my_user_profile),https://developerdocs.instructure.com/services/canvas/resources/users
GET,/api/v1/users/self/activity_stream,url:GET|/api/v1/users/self/activity_stream,documented; pilot pending,student; read,required for listed capability; optional outside it,src/canvas_mcp/tools/student_feed.py:845 (get_my_activity_stream),https://developerdocs.instructure.com/services/canvas/resources/users
GET,/api/v1/users/self/activity_stream/summary,url:GET|/api/v1/users/self/activity_stream/summary,documented; pilot pending,student; read,required for listed capability; optional outside it,src/canvas_mcp/tools/student_feed.py:857 (get_my_activity_stream),https://developerdocs.instructure.com/services/canvas/resources/users
GET,/api/v1/users/self/groups,url:GET|/api/v1/users/self/groups,documented; pilot pending,student; read,required for listed capability; optional outside it,src/canvas_mcp/tools/student_calendar.py:763 (list_calendar_events); src/canvas_mcp/tools/student_groups.py:169 (_fetch_my_groups),https://developerdocs.instructure.com/services/canvas/resources/groups
GET,/api/v1/users/self/profile,url:GET|/api/v1/users/:user_id/profile,documented; pilot pending,educator/shared; read,required for listed capability; optional outside it,src/canvas_mcp/tools/self_identity.py:123 (get_my_profile),https://developerdocs.instructure.com/services/canvas/resources/users
GET,/api/v1/users/self/todo,url:GET|/api/v1/users/self/todo,documented; pilot pending,student; read,required for listed capability; optional outside it,src/canvas_mcp/tools/student_tools.py:400 (get_my_todo_items),https://developerdocs.instructure.com/services/canvas/resources/users
POST,/api/graphql,,unverified,shared; read-only GraphQL query,required for listed capability; optional outside it,src/canvas_mcp/tools/discussions.py:324 (_read_discussion_via_graphql),
POST,/api/v1/calendar_events,url:POST|/api/v1/calendar_events,documented; pilot pending,student; write,required for listed capability; optional outside it,src/canvas_mcp/tools/student_calendar.py:1456 (create_personal_calendar_event),https://developerdocs.instructure.com/services/canvas/resources/calendar_events
POST,/api/v1/conversations,url:POST|/api/v1/conversations,documented; pilot pending,educator/shared; write,required for listed capability; optional outside it,src/canvas_mcp/tools/messaging.py:251 (_post_conversation),https://developerdocs.instructure.com/services/canvas/resources/conversations
POST,/api/v1/conversations/{validated_id}/add_message,url:POST|/api/v1/conversations/:id/add_message,documented; pilot pending,student; write,required for listed capability; optional outside it,src/canvas_mcp/tools/student_messaging.py:911 (reply_to_conversation),https://developerdocs.instructure.com/services/canvas/resources/conversations
POST,/api/v1/courses/{course_id}/assignments,url:POST|/api/v1/courses/:course_id/assignments,documented; pilot pending,educator/shared; write,required for listed capability; optional outside it,src/canvas_mcp/tools/assignments.py:796 (create_assignment),https://developerdocs.instructure.com/services/canvas/resources/assignments
POST,/api/v1/courses/{course_id}/assignments/{assignment_id}/submissions,url:POST|/api/v1/courses/:course_id/assignments/:assignment_id/submissions,documented; pilot pending,student; write,required for listed capability; optional outside it,src/canvas_mcp/tools/student_write.py:885 (submit_assignment),https://developerdocs.instructure.com/services/canvas/resources/submissions
POST,/api/v1/courses/{course_id}/assignments/{assignment_id}/submissions/self/files,url:POST|/api/v1/courses/:course_id/assignments/:assignment_id/submissions/:user_id/files,documented; pilot pending,student; write,required for listed capability; optional outside it,src/canvas_mcp/tools/student_write.py:514 (_upload_one),https://developerdocs.instructure.com/services/canvas/resources/submissions
POST,/api/v1/courses/{course_id}/assignments/{assignment_id}/submissions/{submission_id}/peer_reviews,url:POST|/api/v1/courses/:course_id/assignments/:assignment_id/submissions/:submission_id/peer_reviews,documented; pilot pending,educator/shared; write,required for listed capability; optional outside it,src/canvas_mcp/tools/assignments.py:213 (assign_peer_review),https://developerdocs.instructure.com/services/canvas/resources/peer_reviews
POST,/api/v1/courses/{course_id}/discussion_topics,url:POST|/api/v1/courses/:course_id/discussion_topics,documented; pilot pending,educator/shared; write,required for listed capability; optional outside it,src/canvas_mcp/tools/discussions.py:1585 (create_discussion_topic); src/canvas_mcp/tools/discussions.py:1866 (create_announcement),https://developerdocs.instructure.com/services/canvas/resources/discussion_topics
POST,/api/v1/courses/{course_id}/discussion_topics/{topic_id_str}/entries/{entry_id_str}/replies,url:POST|/api/v1/courses/:course_id/discussion_topics/:topic_id/entries/:entry_id/replies,documented; pilot pending,educator/shared; write,required for listed capability; optional outside it,src/canvas_mcp/tools/discussions.py:1514 (reply_to_discussion_entry),https://developerdocs.instructure.com/services/canvas/resources/discussion_topics
POST,/api/v1/courses/{course_id}/discussion_topics/{topic_id}/entries,url:POST|/api/v1/courses/:course_id/discussion_topics/:topic_id/entries,documented; pilot pending,educator/shared; write,required for listed capability; optional outside it,src/canvas_mcp/tools/discussions.py:1452 (post_discussion_entry),https://developerdocs.instructure.com/services/canvas/resources/discussion_topics
POST,/api/v1/courses/{course_id}/files,url:POST|/api/v1/courses/:course_id/files,documented; pilot pending,educator/shared; write,required for listed capability; optional outside it,src/canvas_mcp/tools/files.py:399 (upload_course_file),https://developerdocs.instructure.com/services/canvas/resources/courses
POST,/api/v1/courses/{course_id}/modules,url:POST|/api/v1/courses/:course_id/modules,documented; pilot pending,educator/shared; write,required for listed capability; optional outside it,src/canvas_mcp/tools/modules.py:279 (create_module),https://developerdocs.instructure.com/services/canvas/resources/modules
POST,/api/v1/courses/{course_id}/modules/{module_id}/items,url:POST|/api/v1/courses/:course_id/modules/:module_id/items,documented; pilot pending,educator/shared; write,required for listed capability; optional outside it,src/canvas_mcp/tools/modules.py:572 (add_module_item),https://developerdocs.instructure.com/services/canvas/resources/modules
POST,/api/v1/courses/{course_id}/pages,url:POST|/api/v1/courses/:course_id/pages,documented; pilot pending,educator/shared; write,required for listed capability; optional outside it,src/canvas_mcp/tools/pages.py:385 (create_page),https://developerdocs.instructure.com/services/canvas/resources/pages
POST,/api/v1/courses/{course_id}/rubric_associations,url:POST|/api/v1/courses/:course_id/rubric_associations,documented; pilot pending,educator/shared; write,required for listed capability; optional outside it,src/canvas_mcp/tools/rubrics.py:865 (_ensure_course_bookmark); src/canvas_mcp/tools/rubrics.py:1884 (associate_rubric),https://developerdocs.instructure.com/services/canvas/resources/rubrics
POST,/api/v1/courses/{course_id}/rubrics,url:POST|/api/v1/courses/:course_id/rubrics,documented; pilot pending,educator/shared; write,required for listed capability; optional outside it,src/canvas_mcp/tools/rubrics.py:1631 (create_rubric),https://developerdocs.instructure.com/services/canvas/resources/rubrics
POST,/api/v1/courses/{course_id}/rubrics/upload,url:POST|/api/v1/courses/:course_id/rubrics/upload,documented; pilot pending,educator/shared; write,required for listed capability; optional outside it,src/canvas_mcp/tools/rubrics.py:1462 (create_rubric_from_csv),https://developerdocs.instructure.com/services/canvas/resources/rubrics
POST,/api/v1/courses/{target_id}/content_migrations,url:POST|/api/v1/courses/:course_id/content_migrations,documented; pilot pending,educator/shared; write,required for listed capability; optional outside it,src/canvas_mcp/tools/content_migrations.py:361 (create_content_migration),https://developerdocs.instructure.com/services/canvas/resources/content_migrations
POST,/api/v1/planner/overrides,url:POST|/api/v1/planner/overrides,documented; pilot pending,student; write,required for listed capability; optional outside it,src/canvas_mcp/tools/student_calendar.py:1372 (mark_planner_item_complete),https://developerdocs.instructure.com/services/canvas/resources/planner
POST,/api/v1/planner_notes,url:POST|/api/v1/planner_notes,documented; pilot pending,student; write,required for listed capability; optional outside it,src/canvas_mcp/tools/student_calendar.py:978 (create_planner_note),https://developerdocs.instructure.com/services/canvas/resources/planner
PUT,/api/v1/conversations,url:PUT|/api/v1/conversations,documented; pilot pending,educator/shared; write,required for listed capability; optional outside it,src/canvas_mcp/tools/messaging.py:500 (mark_conversations_read),https://developerdocs.instructure.com/services/canvas/resources/conversations
PUT,/api/v1/courses/{course_id},url:PUT|/api/v1/courses/:id,documented; pilot pending,educator/shared; write,baseline identity/course lookup dependency,src/canvas_mcp/tools/courses.py:1108 (update_syllabus),https://developerdocs.instructure.com/services/canvas/resources/courses
PUT,/api/v1/courses/{course_id}/assignments/{assignment_id_str}/submissions/{user_id_str},url:PUT|/api/v1/courses/:course_id/assignments/:assignment_id/submissions/:user_id,documented; pilot pending,educator/shared; write,required for listed capability; optional outside it,src/canvas_mcp/tools/rubrics.py:1269 (grade_with_rubric),https://developerdocs.instructure.com/services/canvas/resources/submissions
PUT,/api/v1/courses/{course_id}/assignments/{assignment_id_str}/submissions/{user_id},url:PUT|/api/v1/courses/:course_id/assignments/:assignment_id/submissions/:user_id,documented; pilot pending,educator/shared; write,required for listed capability; optional outside it,src/canvas_mcp/tools/assignments.py:1286 (grade_single_submission),https://developerdocs.instructure.com/services/canvas/resources/submissions
PUT,/api/v1/courses/{course_id}/assignments/{assignment_id},url:PUT|/api/v1/courses/:course_id/assignments/:id,documented; pilot pending,educator/shared; write,required for listed capability; optional outside it,src/canvas_mcp/tools/assignments.py:990 (write_assignment); src/canvas_mcp/tools/assignments.py:1013 (update_assignment); src/canvas_mcp/tools/accessibility.py:395 (fix_accessibility_issues),https://developerdocs.instructure.com/services/canvas/resources/assignments
PUT,/api/v1/courses/{course_id}/assignments/{assignment_id}/submissions/self,url:PUT|/api/v1/courses/:course_id/assignments/:assignment_id/submissions/:user_id,documented; pilot pending,student; write,required for listed capability; optional outside it,src/canvas_mcp/tools/student_write.py:951 (comment_on_my_submission),https://developerdocs.instructure.com/services/canvas/resources/submissions
PUT,/api/v1/courses/{course_id}/discussion_topics/{topic_id},url:PUT|/api/v1/courses/:course_id/discussion_topics/:topic_id,documented; pilot pending,educator/shared; write,required for listed capability; optional outside it,src/canvas_mcp/tools/discussions.py:1752 (write_topic); src/canvas_mcp/tools/discussions.py:1773 (update_discussion_topic),https://developerdocs.instructure.com/services/canvas/resources/discussion_topics
PUT,/api/v1/courses/{course_id}/modules/{module_id},url:PUT|/api/v1/courses/:course_id/modules/:id,documented; pilot pending,educator/shared; write,required for listed capability; optional outside it,src/canvas_mcp/tools/modules.py:378 (update_module),https://developerdocs.instructure.com/services/canvas/resources/modules
PUT,/api/v1/courses/{course_id}/modules/{module_id}/items/{item_id},url:PUT|/api/v1/courses/:course_id/modules/:module_id/items/:id,documented; pilot pending,educator/shared; write,required for listed capability; optional outside it,src/canvas_mcp/tools/modules.py:700 (update_module_item),https://developerdocs.instructure.com/services/canvas/resources/modules
PUT,/api/v1/courses/{course_id}/modules/{module_id}/items/{item_id}/done,url:PUT|/api/v1/courses/:course_id/modules/:module_id/items/:id/done,documented; pilot pending,student; write,required for listed capability; optional outside it,src/canvas_mcp/tools/student_write.py:1018 (mark_module_item_done),https://developerdocs.instructure.com/services/canvas/resources/modules
PUT,/api/v1/courses/{course_id}/pages/{page_url_or_id},url:PUT|/api/v1/courses/:course_id/pages/:url_or_id,documented; pilot pending,educator/shared; write,required for listed capability; optional outside it,src/canvas_mcp/tools/pages.py:77 (write); src/canvas_mcp/tools/pages.py:190 (update_page_settings); src/canvas_mcp/tools/pages.py:473 (edit_page_content),https://developerdocs.instructure.com/services/canvas/resources/pages
PUT,/api/v1/courses/{course_id}/pages/{page_url},url:PUT|/api/v1/courses/:course_id/pages/:url_or_id,documented; pilot pending,educator/shared; write,required for listed capability; optional outside it,src/canvas_mcp/tools/pages.py:284 (bulk_update_pages),https://developerdocs.instructure.com/services/canvas/resources/pages
PUT,/api/v1/courses/{course_id}/pages/{slug},url:PUT|/api/v1/courses/:course_id/pages/:url_or_id,documented; pilot pending,educator/shared; write,required for listed capability; optional outside it,src/canvas_mcp/tools/accessibility.py:395 (fix_accessibility_issues),https://developerdocs.instructure.com/services/canvas/resources/pages
PUT,/api/v1/courses/{course_id}/rubrics/{rubric_id_str},url:PUT|/api/v1/courses/:course_id/rubrics/:id,documented; pilot pending,educator/shared; write,required for listed capability; optional outside it,src/canvas_mcp/tools/rubrics.py:1768 (update_rubric),https://developerdocs.instructure.com/services/canvas/resources/rubrics
PUT,/api/v1/planner/overrides/{override_id},url:PUT|/api/v1/planner/overrides/:id,documented; pilot pending,student; write,required for listed capability; optional outside it,src/canvas_mcp/tools/student_calendar.py:1357 (mark_planner_item_complete),https://developerdocs.instructure.com/services/canvas/resources/planner
PUT,/api/v1/planner_notes/{validated},url:PUT|/api/v1/planner_notes/:id,documented; pilot pending,student; write,required for listed capability; optional outside it,src/canvas_mcp/tools/student_calendar.py:1121 (update_planner_note),https://developerdocs.instructure.com/services/canvas/resources/planner
